prod_id,img_path
94,images/product-photos/adidas/womens/comfort/black-white/back.webp
94,images/product-photos/adidas/womens/comfort/black-white/left.webp
94,images/product-photos/adidas/womens/comfort/black-white/pair.webp
94,images/product-photos/adidas/womens/comfort/black-white/right.webp
94,images/product-photos/adidas/womens/comfort/black-white/top.webp
95,images/product-photos/adidas/womens/comfort/white-grey/back.webp
95,images/product-photos/adidas/womens/comfort/white-grey/left.webp
95,images/product-photos/adidas/womens/comfort/white-grey/pair.webp
95,images/product-photos/adidas/womens/comfort/white-grey/right.webp
95,images/product-photos/adidas/womens/comfort/white-grey/top.webp
96,images/product-photos/adidas/womens/kaptir-flow/black/back.webp
96,images/product-photos/adidas/womens/kaptir-flow/black/left.webp
96,images/product-photos/adidas/womens/kaptir-flow/black/pair.webp
96,images/product-photos/adidas/womens/kaptir-flow/black/right.webp
96,images/product-photos/adidas/womens/kaptir-flow/black/top.webp
97,images/product-photos/adidas/womens/kaptir-flow/cream-sand/back.jpg
97,images/product-photos/adidas/womens/kaptir-flow/cream-sand/left.jpg
97,images/product-photos/adidas/womens/kaptir-flow/cream-sand/pair.jpg
97,images/product-photos/adidas/womens/kaptir-flow/cream-sand/right.jpg
97,images/product-photos/adidas/womens/kaptir-flow/cream-sand/top.webp
98,images/product-photos/adidas/womens/kaptir-flow/white-smoke/back.jpg
98,images/product-photos/adidas/womens/kaptir-flow/white-smoke/left.webp
98,images/product-photos/adidas/womens/kaptir-flow/white-smoke/pair.jpg
98,images/product-photos/adidas/womens/kaptir-flow/white-smoke/right.webp
98,images/product-photos/adidas/womens/kaptir-flow/white-smoke/top.webp
99,images/product-photos/adidas/womens/puremotion-2.0/black-white/angle.webp
99,images/product-photos/adidas/womens/puremotion-2.0/black-white/left.webp
99,images/product-photos/adidas/womens/puremotion-2.0/black-white/right.webp
99,images/product-photos/adidas/womens/puremotion-2.0/black-white/top.webp
100,images/product-photos/adidas/womens/puremotion-2.0/charcoal-black/angle.webp
100,images/product-photos/adidas/womens/puremotion-2.0/charcoal-black/left.webp
100,images/product-photos/adidas/womens/puremotion-2.0/charcoal-black/right.webp
100,images/product-photos/adidas/womens/puremotion-2.0/charcoal-black/top.webp
101,images/product-photos/adidas/womens/puremotion-2.0/white-ivory/left.webp
101,images/product-photos/adidas/womens/puremotion-2.0/white-ivory/right.webp
101,images/product-photos/adidas/womens/puremotion-2.0/white-ivory/top.webp
102,images/product-photos/adidas/womens/swift-run-23/black-lightgrey/back.jpg
102,images/product-photos/adidas/womens/swift-run-23/black-lightgrey/left.webp
102,images/product-photos/adidas/womens/swift-run-23/black-lightgrey/pair.webp
102,images/product-photos/adidas/womens/swift-run-23/black-lightgrey/right.webp
102,images/product-photos/adidas/womens/swift-run-23/black-lightgrey/top.webp
103,images/product-photos/adidas/womens/swift-run-23/white-lightgrey/back.webp
103,images/product-photos/adidas/womens/swift-run-23/white-lightgrey/left.webp
103,images/product-photos/adidas/womens/swift-run-23/white-lightgrey/pair.webp
103,images/product-photos/adidas/womens/swift-run-23/white-lightgrey/right.webp
103,images/product-photos/adidas/womens/swift-run-23/white-lightgrey/top.webp
104,images/product-photos/adidas/womens/vl-court-3.0/black-white/back.webp
104,images/product-photos/adidas/womens/vl-court-3.0/black-white/left.webp
104,images/product-photos/adidas/womens/vl-court-3.0/black-white/pair.webp
104,images/product-photos/adidas/womens/vl-court-3.0/black-white/right.webp
104,images/product-photos/adidas/womens/vl-court-3.0/black-white/top.webp
105,images/product-photos/adidas/womens/vl-court-3.0/white-black/back.jpg
105,images/product-photos/adidas/womens/vl-court-3.0/white-black/left.jpg
105,images/product-photos/adidas/womens/vl-court-3.0/white-black/pair.webp
105,images/product-photos/adidas/womens/vl-court-3.0/white-black/right.jpg
105,images/product-photos/adidas/womens/vl-court-3.0/white-black/top.webp
106,images/product-photos/converse/womens/chuck-taylor-all-star-lift-platform/red-white/back.webp
106,images/product-photos/converse/womens/chuck-taylor-all-star-lift-platform/red-white/left.webp
106,images/product-photos/converse/womens/chuck-taylor-all-star-lift-platform/red-white/pair.webp
106,images/product-photos/converse/womens/chuck-taylor-all-star-lift-platform/red-white/right.webp
106,images/product-photos/converse/womens/chuck-taylor-all-star-lift-platform/red-white/top.webp
107,images/product-photos/converse/womens/chuck-taylor-all-star-lift-platform/yellow-white/back.webp
107,images/product-photos/converse/womens/chuck-taylor-all-star-lift-platform/yellow-white/left.webp
107,images/product-photos/converse/womens/chuck-taylor-all-star-lift-platform/yellow-white/pair.webp
107,images/product-photos/converse/womens/chuck-taylor-all-star-lift-platform/yellow-white/right.webp
107,images/product-photos/converse/womens/chuck-taylor-all-star-lift-platform/yellow-white/top.webp
108,images/product-photos/converse/womens/chuck-taylor-all-star-madison-high-top/army-white/back.webp
108,images/product-photos/converse/womens/chuck-taylor-all-star-madison-high-top/army-white/left.webp
108,images/product-photos/converse/womens/chuck-taylor-all-star-madison-high-top/army-white/pair.webp
108,images/product-photos/converse/womens/chuck-taylor-all-star-madison-high-top/army-white/right.webp
108,images/product-photos/converse/womens/chuck-taylor-all-star-madison-high-top/army-white/top.webp
109,images/product-photos/converse/womens/chuck-taylor-all-star-madison-high-top/black-white/back.webp
109,images/product-photos/converse/womens/chuck-taylor-all-star-madison-high-top/black-white/left.webp
109,images/product-photos/converse/womens/chuck-taylor-all-star-madison-high-top/black-white/pair.webp
109,images/product-photos/converse/womens/chuck-taylor-all-star-madison-high-top/black-white/right.webp
109,images/product-photos/converse/womens/chuck-taylor-all-star-madison-high-top/black-white/top.webp
110,images/product-photos/converse/womens/chuck-taylor-all-star-madison-high-top/red-white/back.webp
110,images/product-photos/converse/womens/chuck-taylor-all-star-madison-high-top/red-white/left.webp
110,images/product-photos/converse/womens/chuck-taylor-all-star-madison-high-top/red-white/pair.webp
110,images/product-photos/converse/womens/chuck-taylor-all-star-madison-high-top/red-white/right.webp
110,images/product-photos/converse/womens/chuck-taylor-all-star-madison-high-top/red-white/top.webp
111,images/product-photos/converse/womens/chuck-taylor-all-star-madison-high-top/tan-white/back.webp
111,images/product-photos/converse/womens/chuck-taylor-all-star-madison-high-top/tan-white/left.webp
111,images/product-photos/converse/womens/chuck-taylor-all-star-madison-high-top/tan-white/pair.webp
111,images/product-photos/converse/womens/chuck-taylor-all-star-madison-high-top/tan-white/right.webp
111,images/product-photos/converse/womens/chuck-taylor-all-star-madison-high-top/tan-white/top.webp
112,images/product-photos/converse/womens/chuck-taylor-all-star-madison-high-top/white/back.webp
112,images/product-photos/converse/womens/chuck-taylor-all-star-madison-high-top/white/left.webp
112,images/product-photos/converse/womens/chuck-taylor-all-star-madison-high-top/white/pair.webp
112,images/product-photos/converse/womens/chuck-taylor-all-star-madison-high-top/white/right.webp
112,images/product-photos/converse/womens/chuck-taylor-all-star-madison-high-top/white/top.webp
113,images/product-photos/converse/womens/chuck-taylor-all-star-move-high-top/black-white/left.webp
113,images/product-photos/converse/womens/chuck-taylor-all-star-move-high-top/black-white/pair.webp
113,images/product-photos/converse/womens/chuck-taylor-all-star-move-high-top/black-white/right.webp
113,images/product-photos/converse/womens/chuck-taylor-all-star-move-high-top/black-white/top.webp
114,images/product-photos/converse/womens/chuck-taylor-all-star-move-high-top/coral-white/back.webp
114,images/product-photos/converse/womens/chuck-taylor-all-star-move-high-top/coral-white/left.webp
114,images/product-photos/converse/womens/chuck-taylor-all-star-move-high-top/coral-white/pair.webp
114,images/product-photos/converse/womens/chuck-taylor-all-star-move-high-top/coral-white/right.webp
114,images/product-photos/converse/womens/chuck-taylor-all-star-move-high-top/coral-white/top.webp
115,images/product-photos/converse/womens/chuck-taylor-all-star-move-high-top/salmon-white/back.jpg
115,images/product-photos/converse/womens/chuck-taylor-all-star-move-high-top/salmon-white/left.webp
115,images/product-photos/converse/womens/chuck-taylor-all-star-move-high-top/salmon-white/pair.jpg
115,images/product-photos/converse/womens/chuck-taylor-all-star-move-high-top/salmon-white/right.webp
115,images/product-photos/converse/womens/chuck-taylor-all-star-move-high-top/salmon-white/top.webp
116,images/product-photos/converse/womens/chuck-taylor-all-star-move-high-top/sand-white/back.jpg
116,images/product-photos/converse/womens/chuck-taylor-all-star-move-high-top/sand-white/left.webp
116,images/product-photos/converse/womens/chuck-taylor-all-star-move-high-top/sand-white/pair.webp
116,images/product-photos/converse/womens/chuck-taylor-all-star-move-high-top/sand-white/right.webp
116,images/product-photos/converse/womens/chuck-taylor-all-star-move-high-top/sand-white/top.webp
117,images/product-photos/converse/womens/chuck-taylor-all-star-move-high-top/white/left.jpg
117,images/product-photos/converse/womens/chuck-taylor-all-star-move-high-top/white/pair.webp
117,images/product-photos/converse/womens/chuck-taylor-all-star-move-high-top/white/right.webp
117,images/product-photos/converse/womens/chuck-taylor-all-star-move-high-top/white/top.webp
118,images/product-photos/converse/womens/chuck-taylor-all-star-move-high-top/yellow-white/back.webp
118,images/product-photos/converse/womens/chuck-taylor-all-star-move-high-top/yellow-white/left.webp
118,images/product-photos/converse/womens/chuck-taylor-all-star-move-high-top/yellow-white/pair.webp
118,images/product-photos/converse/womens/chuck-taylor-all-star-move-high-top/yellow-white/right.webp
118,images/product-photos/converse/womens/chuck-taylor-all-star-move-high-top/yellow-white/top.webp
119,images/product-photos/heydude/womens/reyes/black/back.webp
119,images/product-photos/heydude/womens/reyes/black/left.webp
119,images/product-photos/heydude/womens/reyes/black/pair.webp
119,images/product-photos/heydude/womens/reyes/black/right.webp
119,images/product-photos/heydude/womens/reyes/black/top.webp
120,images/product-photos/heydude/womens/reyes/smoke-tan/back.jpg
120,images/product-photos/heydude/womens/reyes/smoke-tan/left.webp
120,images/product-photos/heydude/womens/reyes/smoke-tan/pair.webp
120,images/product-photos/heydude/womens/reyes/smoke-tan/right.webp
120,images/product-photos/heydude/womens/reyes/smoke-tan/top.webp
122,images/product-photos/heydude/womens/wendy/army-ivory/back.webp
122,images/product-photos/heydude/womens/wendy/army-ivory/left.webp
122,images/product-photos/heydude/womens/wendy/army-ivory/pair.webp
122,images/product-photos/heydude/womens/wendy/army-ivory/right.webp
122,images/product-photos/heydude/womens/wendy/army-ivory/top.jpg
123,images/product-photos/heydude/womens/wendy/black/back.webp
123,images/product-photos/heydude/womens/wendy/black/left.webp
123,images/product-photos/heydude/womens/wendy/black/pair.webp
123,images/product-photos/heydude/womens/wendy/black/right.webp
123,images/product-photos/heydude/womens/wendy/black/top.webp
124,images/product-photos/heydude/womens/wendy/black-seashell/back.webp
124,images/product-photos/heydude/womens/wendy/black-seashell/left.webp
124,images/product-photos/heydude/womens/wendy/black-seashell/pair.webp
124,images/product-photos/heydude/womens/wendy/black-seashell/right.webp
124,images/product-photos/heydude/womens/wendy/black-seashell/top.webp
125,images/product-photos/heydude/womens/wendy/black-white/back.webp
125,images/product-photos/heydude/womens/wendy/black-white/left.webp
125,images/product-photos/heydude/womens/wendy/black-white/pair.webp
125,images/product-photos/heydude/womens/wendy/black-white/right.webp
125,images/product-photos/heydude/womens/wendy/black-white/top.webp
126,images/product-photos/heydude/womens/wendy/cream-sand/back.jpg
126,images/product-photos/heydude/womens/wendy/cream-sand/left.jpg
126,images/product-photos/heydude/womens/wendy/cream-sand/pair.webp
126,images/product-photos/heydude/womens/wendy/cream-sand/right.webp
126,images/product-photos/heydude/womens/wendy/cream-sand/top.jpg
127,images/product-photos/heydude/womens/wendy/denim-orange/back.webp
127,images/product-photos/heydude/womens/wendy/denim-orange/left.webp
127,images/product-photos/heydude/womens/wendy/denim-orange/pair.webp
127,images/product-photos/heydude/womens/wendy/denim-orange/right.webp
127,images/product-photos/heydude/womens/wendy/denim-orange/top.webp
128,images/product-photos/heydude/womens/wendy/denim-tan/back.webp
128,images/product-photos/heydude/womens/wendy/denim-tan/left.jpg
128,images/product-photos/heydude/womens/wendy/denim-tan/pair.webp
128,images/product-photos/heydude/womens/wendy/denim-tan/right.webp
128,images/product-photos/heydude/womens/wendy/denim-tan/top.webp
129,images/product-photos/heydude/womens/wendy/lightgrey-charcoal/back.webp
129,images/product-photos/heydude/womens/wendy/lightgrey-charcoal/left.webp
129,images/product-photos/heydude/womens/wendy/lightgrey-charcoal/pair.webp
129,images/product-photos/heydude/womens/wendy/lightgrey-charcoal/right.webp
129,images/product-photos/heydude/womens/wendy/lightgrey-charcoal/top.webp
130,images/product-photos/heydude/womens/wendy/mint/back.webp
130,images/product-photos/heydude/womens/wendy/mint/left.webp
130,images/product-photos/heydude/womens/wendy/mint/pair.webp
130,images/product-photos/heydude/womens/wendy/mint/right.jpg
130,images/product-photos/heydude/womens/wendy/mint/top.jpg
131,images/product-photos/heydude/womens/wendy/salmon-white/back.webp
131,images/product-photos/heydude/womens/wendy/salmon-white/left.webp
131,images/product-photos/heydude/womens/wendy/salmon-white/pair.jpg
131,images/product-photos/heydude/womens/wendy/salmon-white/right.webp
131,images/product-photos/heydude/womens/wendy/salmon-white/top.jpg
132,images/product-photos/heydude/womens/wendy/sand-tan/back.jpg
132,images/product-photos/heydude/womens/wendy/sand-tan/left.webp
132,images/product-photos/heydude/womens/wendy/sand-tan/pair.webp
132,images/product-photos/heydude/womens/wendy/sand-tan/right.webp
132,images/product-photos/heydude/womens/wendy/sand-tan/top.jpg
133,images/product-photos/new-balance/womens/237-retro/black-pink/back.webp
133,images/product-photos/new-balance/womens/237-retro/black-pink/left.webp
133,images/product-photos/new-balance/womens/237-retro/black-pink/pair.webp
133,images/product-photos/new-balance/womens/237-retro/black-pink/right.webp
133,images/product-photos/new-balance/womens/237-retro/black-pink/top.webp
134,images/product-photos/new-balance/womens/237-retro/black-white/back.webp
134,images/product-photos/new-balance/womens/237-retro/black-white/left.webp
134,images/product-photos/new-balance/womens/237-retro/black-white/pair.webp
134,images/product-photos/new-balance/womens/237-retro/black-white/right.webp
134,images/product-photos/new-balance/womens/237-retro/black-white/top.webp
135,images/product-photos/new-balance/womens/237-retro/rose-cream/back.webp
135,images/product-photos/new-balance/womens/237-retro/rose-cream/left.webp
135,images/product-photos/new-balance/womens/237-retro/rose-cream/pair.webp
135,images/product-photos/new-balance/womens/237-retro/rose-cream/right.webp
135,images/product-photos/new-balance/womens/237-retro/rose-cream/top.webp
136,images/product-photos/new-balance/womens/237-retro/smoke-orange/back.jpg
136,images/product-photos/new-balance/womens/237-retro/smoke-orange/left.jpg
136,images/product-photos/new-balance/womens/237-retro/smoke-orange/pair.jpg
136,images/product-photos/new-balance/womens/237-retro/smoke-orange/right.webp
136,images/product-photos/new-balance/womens/237-retro/smoke-orange/top.webp
137,images/product-photos/new-balance/womens/237-retro/white-ivory/back.jpg
137,images/product-photos/new-balance/womens/237-retro/white-ivory/left.webp
137,images/product-photos/new-balance/womens/237-retro/white-ivory/pair.jpg
137,images/product-photos/new-balance/womens/237-retro/white-ivory/right.webp
137,images/product-photos/new-balance/womens/237-retro/white-ivory/top.webp
138,images/product-photos/new-balance/womens/515-retro/burgundy-white/back.jpg
138,images/product-photos/new-balance/womens/515-retro/burgundy-white/left.webp
138,images/product-photos/new-balance/womens/515-retro/burgundy-white/pair.webp
138,images/product-photos/new-balance/womens/515-retro/burgundy-white/right.webp
138,images/product-photos/new-balance/womens/515-retro/burgundy-white/top.webp
139,images/product-photos/new-balance/womens/515-retro/grey-white/back.webp
139,images/product-photos/new-balance/womens/515-retro/grey-white/left.webp
139,images/product-photos/new-balance/womens/515-retro/grey-white/pair.webp
139,images/product-photos/new-balance/womens/515-retro/grey-white/right.webp
139,images/product-photos/new-balance/womens/515-retro/grey-white/top.webp
140,images/product-photos/new-balance/womens/515-retro/rose/back.webp
140,images/product-photos/new-balance/womens/515-retro/rose/left.webp
140,images/product-photos/new-balance/womens/515-retro/rose/pair.webp
140,images/product-photos/new-balance/womens/515-retro/rose/right.webp
140,images/product-photos/new-balance/womens/515-retro/rose/top.webp
141,images/product-photos/new-balance/womens/515-retro/smoke-white/back.jpg
141,images/product-photos/new-balance/womens/515-retro/smoke-white/left.webp
141,images/product-photos/new-balance/womens/515-retro/smoke-white/pair.webp
141,images/product-photos/new-balance/womens/515-retro/smoke-white/right.webp
141,images/product-photos/new-balance/womens/515-retro/smoke-white/top.webp
142,images/product-photos/new-balance/womens/515-retro/tan-black/back.webp
142,images/product-photos/new-balance/womens/515-retro/tan-black/left.webp
142,images/product-photos/new-balance/womens/515-retro/tan-black/pair.webp
142,images/product-photos/new-balance/womens/515-retro/tan-black/right.webp
142,images/product-photos/new-balance/womens/515-retro/tan-black/top.webp
143,images/product-photos/new-balance/womens/997h-retro/black-white/back.webp
143,images/product-photos/new-balance/womens/997h-retro/black-white/left.webp
143,images/product-photos/new-balance/womens/997h-retro/black-white/pair.webp
143,images/product-photos/new-balance/womens/997h-retro/black-white/right.webp
143,images/product-photos/new-balance/womens/997h-retro/black-white/top.webp
144,images/product-photos/new-balance/womens/997h-retro/cream-navy/back.jpg
144,images/product-photos/new-balance/womens/997h-retro/cream-navy/left.webp
144,images/product-photos/new-balance/womens/997h-retro/cream-navy/pair.webp
144,images/product-photos/new-balance/womens/997h-retro/cream-navy/right.jpg
144,images/product-photos/new-balance/womens/997h-retro/cream-navy/top.webp
145,images/product-photos/new-balance/womens/997h-retro/lightgrey-cream/back.webp
145,images/product-photos/new-balance/womens/997h-retro/lightgrey-cream/left.webp
145,images/product-photos/new-balance/womens/997h-retro/lightgrey-cream/pair.webp
145,images/product-photos/new-balance/womens/997h-retro/lightgrey-cream/right.webp
145,images/product-photos/new-balance/womens/997h-retro/lightgrey-cream/top.webp
146,images/product-photos/new-balance/womens/997h-retro/rose-lightgrey/back.jpg
146,images/product-photos/new-balance/womens/997h-retro/rose-lightgrey/left.webp
146,images/product-photos/new-balance/womens/997h-retro/rose-lightgrey/pair.jpg
146,images/product-photos/new-balance/womens/997h-retro/rose-lightgrey/right.webp
146,images/product-photos/new-balance/womens/997h-retro/rose-lightgrey/top.webp
147,images/product-photos/new-balance/womens/997h-retro/sand-cream/back.webp
147,images/product-photos/new-balance/womens/997h-retro/sand-cream/left.webp
147,images/product-photos/new-balance/womens/997h-retro/sand-cream/pair.webp
147,images/product-photos/new-balance/womens/997h-retro/sand-cream/right.webp
147,images/product-photos/new-balance/womens/997h-retro/sand-cream/top.webp
148,images/product-photos/new-balance/womens/fresh-foam-x-kaiha/black-white/back.webp
148,images/product-photos/new-balance/womens/fresh-foam-x-kaiha/black-white/left.webp
148,images/product-photos/new-balance/womens/fresh-foam-x-kaiha/black-white/pair.webp
148,images/product-photos/new-balance/womens/fresh-foam-x-kaiha/black-white/right.webp
148,images/product-photos/new-balance/womens/fresh-foam-x-kaiha/black-white/top.webp
149,images/product-photos/new-balance/womens/fresh-foam-x-kaiha/cerulean-white/back.webp
149,images/product-photos/new-balance/womens/fresh-foam-x-kaiha/cerulean-white/left.webp
149,images/product-photos/new-balance/womens/fresh-foam-x-kaiha/cerulean-white/pair.webp
149,images/product-photos/new-balance/womens/fresh-foam-x-kaiha/cerulean-white/right.webp
149,images/product-photos/new-balance/womens/fresh-foam-x-kaiha/cerulean-white/top.webp
150,images/product-photos/new-balance/womens/fresh-foam-x-kaiha/white-lightgrey/back.jpg
150,images/product-photos/new-balance/womens/fresh-foam-x-kaiha/white-lightgrey/left.webp
150,images/product-photos/new-balance/womens/fresh-foam-x-kaiha/white-lightgrey/pair.webp
150,images/product-photos/new-balance/womens/fresh-foam-x-kaiha/white-lightgrey/right.webp
150,images/product-photos/new-balance/womens/fresh-foam-x-kaiha/white-lightgrey/top.jpg
151,images/product-photos/nike/womens/air-max-bella-5/black-white/back.webp
151,images/product-photos/nike/womens/air-max-bella-5/black-white/left.webp
151,images/product-photos/nike/womens/air-max-bella-5/black-white/pair.webp
151,images/product-photos/nike/womens/air-max-bella-5/black-white/right.webp
151,images/product-photos/nike/womens/air-max-bella-5/black-white/top.webp
152,images/product-photos/nike/womens/air-max-bella-5/seashell-pink/back.webp
152,images/product-photos/nike/womens/air-max-bella-5/seashell-pink/left.webp
152,images/product-photos/nike/womens/air-max-bella-5/seashell-pink/pair.webp
152,images/product-photos/nike/womens/air-max-bella-5/seashell-pink/right.webp
152,images/product-photos/nike/womens/air-max-bella-5/seashell-pink/top.webp
153,images/product-photos/nike/womens/air-max-bella-5/smoke-teal/back.webp
153,images/product-photos/nike/womens/air-max-bella-5/smoke-teal/left.webp
153,images/product-photos/nike/womens/air-max-bella-5/smoke-teal/pair.webp
153,images/product-photos/nike/womens/air-max-bella-5/smoke-teal/right.webp
153,images/product-photos/nike/womens/air-max-bella-5/smoke-teal/top.webp
154,images/product-photos/nike/womens/air-max-sc/mint-red/back.webp
154,images/product-photos/nike/womens/air-max-sc/mint-red/left.webp
154,images/product-photos/nike/womens/air-max-sc/mint-red/pair.webp
154,images/product-photos/nike/womens/air-max-sc/mint-red/right.webp
154,images/product-photos/nike/womens/air-max-sc/mint-red/top.webp
155,images/product-photos/nike/womens/air-max-sc/pink-seashell/back.jpg
155,images/product-photos/nike/womens/air-max-sc/pink-seashell/left.webp
155,images/product-photos/nike/womens/air-max-sc/pink-seashell/pair.jpg
155,images/product-photos/nike/womens/air-max-sc/pink-seashell/right.webp
155,images/product-photos/nike/womens/air-max-sc/pink-seashell/top.jpg
156,images/product-photos/nike/womens/air-max-sc/white-gold/back.webp
156,images/product-photos/nike/womens/air-max-sc/white-gold/left.webp
156,images/product-photos/nike/womens/air-max-sc/white-gold/pair.webp
156,images/product-photos/nike/womens/air-max-sc/white-gold/right.webp
156,images/product-photos/nike/womens/air-max-sc/white-gold/top.webp
157,images/product-photos/nike/womens/air-max-sc/white-sky/back.jpg
157,images/product-photos/nike/womens/air-max-sc/white-sky/left.webp
157,images/product-photos/nike/womens/air-max-sc/white-sky/pair.webp
157,images/product-photos/nike/womens/air-max-sc/white-sky/right.webp
157,images/product-photos/nike/womens/air-max-sc/white-sky/top.jpg
158,images/product-photos/nike/womens/air-max-sc/white-tomato/back.webp
158,images/product-photos/nike/womens/air-max-sc/white-tomato/left.webp
158,images/product-photos/nike/womens/air-max-sc/white-tomato/pair.webp
158,images/product-photos/nike/womens/air-max-sc/white-tomato/right.webp
158,images/product-photos/nike/womens/air-max-sc/white-tomato/top.webp
159,images/product-photos/nike/womens/court-legacy/cream-burgundy/back.jpg
159,images/product-photos/nike/womens/court-legacy/cream-burgundy/left.webp
159,images/product-photos/nike/womens/court-legacy/cream-burgundy/pair.webp
159,images/product-photos/nike/womens/court-legacy/cream-burgundy/right.webp
159,images/product-photos/nike/womens/court-legacy/cream-burgundy/top.webp
160,images/product-photos/nike/womens/court-legacy/white/back.webp
160,images/product-photos/nike/womens/court-legacy/white/left.webp
160,images/product-photos/nike/womens/court-legacy/white/pair.webp
160,images/product-photos/nike/womens/court-legacy/white/right.webp
160,images/product-photos/nike/womens/court-legacy/white/top.webp
161,images/product-photos/nike/womens/court-legacy/white-pine/back.webp
161,images/product-photos/nike/womens/court-legacy/white-pine/left.webp
161,images/product-photos/nike/womens/court-legacy/white-pine/pair.jpg
161,images/product-photos/nike/womens/court-legacy/white-pine/right.webp
161,images/product-photos/nike/womens/court-legacy/white-pine/top.webp
162,images/product-photos/nike/womens/court-legacy-lift/beige-white/back.jpg
162,images/product-photos/nike/womens/court-legacy-lift/beige-white/front.webp
162,images/product-photos/nike/womens/court-legacy-lift/beige-white/left.webp
162,images/product-photos/nike/womens/court-legacy-lift/beige-white/pair.jpg
162,images/product-photos/nike/womens/court-legacy-lift/beige-white/right.webp
162,images/product-photos/nike/womens/court-legacy-lift/beige-white/top.webp
163,images/product-photos/nike/womens/court-legacy-lift/white-denim/back.jpg
163,images/product-photos/nike/womens/court-legacy-lift/white-denim/left.webp
163,images/product-photos/nike/womens/court-legacy-lift/white-denim/pair.jpg
163,images/product-photos/nike/womens/court-legacy-lift/white-denim/right.webp
163,images/product-photos/nike/womens/court-legacy-lift/white-denim/top.jpg
164,images/product-photos/nike/womens/court-legacy-lift/white-tomato/back.jpg
164,images/product-photos/nike/womens/court-legacy-lift/white-tomato/left.webp
164,images/product-photos/nike/womens/court-legacy-lift/white-tomato/pair.jpg
164,images/product-photos/nike/womens/court-legacy-lift/white-tomato/right.jpg
164,images/product-photos/nike/womens/court-legacy-lift/white-tomato/top.jpg
165,images/product-photos/nike/womens/downshifter-12/white-yellow/back.webp
165,images/product-photos/nike/womens/downshifter-12/white-yellow/left.webp
165,images/product-photos/nike/womens/downshifter-12/white-yellow/pair.webp
165,images/product-photos/nike/womens/downshifter-12/white-yellow/right.webp
165,images/product-photos/nike/womens/downshifter-12/white-yellow/top.webp
166,images/product-photos/nike/womens/mc-trainer-2/white-red/back.webp
166,images/product-photos/nike/womens/mc-trainer-2/white-red/left.webp
166,images/product-photos/nike/womens/mc-trainer-2/white-red/pair.webp
166,images/product-photos/nike/womens/mc-trainer-2/white-red/right.webp
166,images/product-photos/nike/womens/mc-trainer-2/white-red/top.jpg
167,images/product-photos/nike/womens/offcourt/black/back.webp
167,images/product-photos/nike/womens/offcourt/black/left.webp
167,images/product-photos/nike/womens/offcourt/black/pair.webp
167,images/product-photos/nike/womens/offcourt/black/right.webp
167,images/product-photos/nike/womens/offcourt/black/top.jpg
168,images/product-photos/nike/womens/offcourt/pink-black/back.webp
168,images/product-photos/nike/womens/offcourt/pink-black/left.webp
168,images/product-photos/nike/womens/offcourt/pink-black/pair.webp
168,images/product-photos/nike/womens/offcourt/pink-black/right.webp
168,images/product-photos/nike/womens/offcourt/pink-black/top.webp
169,images/product-photos/nike/womens/offcourt/smoke-salmon/back.jpg
169,images/product-photos/nike/womens/offcourt/smoke-salmon/left.webp
169,images/product-photos/nike/womens/offcourt/smoke-salmon/pair.webp
169,images/product-photos/nike/womens/offcourt/smoke-salmon/right.webp
169,images/product-photos/nike/womens/offcourt/smoke-salmon/top.jpg
170,images/product-photos/nike/womens/offcourt/white-black/back.webp
170,images/product-photos/nike/womens/offcourt/white-black/left.webp
170,images/product-photos/nike/womens/offcourt/white-black/pair.webp
170,images/product-photos/nike/womens/offcourt/white-black/right.webp
170,images/product-photos/nike/womens/offcourt/white-black/top.webp
171,images/product-photos/nike/womens/waffle-debut-retro/black-white/back.webp
171,images/product-photos/nike/womens/waffle-debut-retro/black-white/left.webp
171,images/product-photos/nike/womens/waffle-debut-retro/black-white/pair.webp
171,images/product-photos/nike/womens/waffle-debut-retro/black-white/right.webp
171,images/product-photos/nike/womens/waffle-debut-retro/black-white/top.webp
172,images/product-photos/nike/womens/waffle-debut-retro/coral-ivory/back.jpg
172,images/product-photos/nike/womens/waffle-debut-retro/coral-ivory/left.webp
172,images/product-photos/nike/womens/waffle-debut-retro/coral-ivory/pair.webp
172,images/product-photos/nike/womens/waffle-debut-retro/coral-ivory/right.webp
172,images/product-photos/nike/womens/waffle-debut-retro/coral-ivory/top.webp
173,images/product-photos/nike/womens/waffle-debut-retro/emerald-electric/back.webp
173,images/product-photos/nike/womens/waffle-debut-retro/emerald-electric/left.webp
173,images/product-photos/nike/womens/waffle-debut-retro/emerald-electric/pair.webp
173,images/product-photos/nike/womens/waffle-debut-retro/emerald-electric/right.webp
173,images/product-photos/nike/womens/waffle-debut-retro/emerald-electric/top.webp
174,images/product-photos/vans/womens/asher-slip-on/black/back.webp
174,images/product-photos/vans/womens/asher-slip-on/black/left.webp
174,images/product-photos/vans/womens/asher-slip-on/black/pair.jpg
174,images/product-photos/vans/womens/asher-slip-on/black/right.webp
174,images/product-photos/vans/womens/asher-slip-on/black/top.webp
175,images/product-photos/vans/womens/asher-slip-on/black-white/back.webp
175,images/product-photos/vans/womens/asher-slip-on/black-white/left.webp
175,images/product-photos/vans/womens/asher-slip-on/black-white/pair.webp
175,images/product-photos/vans/womens/asher-slip-on/black-white/right.webp
175,images/product-photos/vans/womens/asher-slip-on/black-white/top.webp
176,images/product-photos/vans/womens/asher-slip-on/smoke-white/back.jpg
176,images/product-photos/vans/womens/asher-slip-on/smoke-white/left.jpg
176,images/product-photos/vans/womens/asher-slip-on/smoke-white/pair.jpg
176,images/product-photos/vans/womens/asher-slip-on/smoke-white/right.jpg
176,images/product-photos/vans/womens/asher-slip-on/smoke-white/top.webp
177,images/product-photos/vans/womens/asher-slip-on/tan-white/back.jpg
177,images/product-photos/vans/womens/asher-slip-on/tan-white/left.webp
177,images/product-photos/vans/womens/asher-slip-on/tan-white/pair.jpg
177,images/product-photos/vans/womens/asher-slip-on/tan-white/right.webp
177,images/product-photos/vans/womens/asher-slip-on/tan-white/top.webp
178,images/product-photos/vans/womens/asher-slip-on/white/back.jpg
178,images/product-photos/vans/womens/asher-slip-on/white/pair.webp
178,images/product-photos/vans/womens/asher-slip-on/white/right.webp
178,images/product-photos/vans/womens/asher-slip-on/white/top.jpg
179,images/product-photos/vans/womens/filmore-high-top/black-white/back.webp
179,images/product-photos/vans/womens/filmore-high-top/black-white/left.webp
179,images/product-photos/vans/womens/filmore-high-top/black-white/pair.webp
179,images/product-photos/vans/womens/filmore-high-top/black-white/right.webp
179,images/product-photos/vans/womens/filmore-high-top/black-white/top.webp
180,images/product-photos/vans/womens/filmore-high-top/coral-white/back.webp
180,images/product-photos/vans/womens/filmore-high-top/coral-white/left.webp
180,images/product-photos/vans/womens/filmore-high-top/coral-white/pair.webp
180,images/product-photos/vans/womens/filmore-high-top/coral-white/right.webp
180,images/product-photos/vans/womens/filmore-high-top/coral-white/top.webp
181,images/product-photos/vans/womens/filmore-high-top/denim-white/back.webp
181,images/product-photos/vans/womens/filmore-high-top/denim-white/left.webp
181,images/product-photos/vans/womens/filmore-high-top/denim-white/pair.webp
181,images/product-photos/vans/womens/filmore-high-top/denim-white/right.webp
181,images/product-photos/vans/womens/filmore-high-top/denim-white/top.webp
182,images/product-photos/vans/womens/seldan-low-top/black-white/angle.webp
182,images/product-photos/vans/womens/seldan-low-top/black-white/back.webp
182,images/product-photos/vans/womens/seldan-low-top/black-white/left.webp
182,images/product-photos/vans/womens/seldan-low-top/black-white/right.webp
182,images/product-photos/vans/womens/seldan-low-top/black-white/top.webp
183,images/product-photos/vans/womens/seldan-low-top/white/back.webp
183,images/product-photos/vans/womens/seldan-low-top/white/left.webp
183,images/product-photos/vans/womens/seldan-low-top/white/pair.webp
183,images/product-photos/vans/womens/seldan-low-top/white/right.webp
183,images/product-photos/vans/womens/seldan-low-top/white/top.webp
184,images/product-photos/vans/womens/seldan-low-top/white-red/back.webp
184,images/product-photos/vans/womens/seldan-low-top/white-red/left.webp
184,images/product-photos/vans/womens/seldan-low-top/white-red/pair.webp
184,images/product-photos/vans/womens/seldan-low-top/white-red/right.webp
184,images/product-photos/vans/womens/seldan-low-top/white-red/top.webp
185,images/product-photos/vans/womens/ward-low-top/black-white/back.webp
185,images/product-photos/vans/womens/ward-low-top/black-white/left.webp
185,images/product-photos/vans/womens/ward-low-top/black-white/pair.webp
185,images/product-photos/vans/womens/ward-low-top/black-white/right.jpg
186,images/product-photos/vans/womens/ward-low-top/burgundy-white/back.jpg
186,images/product-photos/vans/womens/ward-low-top/burgundy-white/left.webp
186,images/product-photos/vans/womens/ward-low-top/burgundy-white/pair.webp
186,images/product-photos/vans/womens/ward-low-top/burgundy-white/right.webp
186,images/product-photos/vans/womens/ward-low-top/burgundy-white/top.webp
187,images/product-photos/vans/womens/ward-low-top/grey-white/back.webp
187,images/product-photos/vans/womens/ward-low-top/grey-white/left.webp
187,images/product-photos/vans/womens/ward-low-top/grey-white/pair.webp
187,images/product-photos/vans/womens/ward-low-top/grey-white/right.webp
187,images/product-photos/vans/womens/ward-low-top/grey-white/top.webp
188,images/product-photos/vans/womens/ward-low-top/lightgrey-white/back.jpg
188,images/product-photos/vans/womens/ward-low-top/lightgrey-white/left.webp
188,images/product-photos/vans/womens/ward-low-top/lightgrey-white/pair.webp
188,images/product-photos/vans/womens/ward-low-top/lightgrey-white/right.webp
188,images/product-photos/vans/womens/ward-low-top/lightgrey-white/top.webp
189,images/product-photos/vans/womens/ward-low-top/slate-white/back.webp
189,images/product-photos/vans/womens/ward-low-top/slate-white/left.webp
189,images/product-photos/vans/womens/ward-low-top/slate-white/pair.webp
189,images/product-photos/vans/womens/ward-low-top/slate-white/right.webp
189,images/product-photos/vans/womens/ward-low-top/slate-white/top.webp
